time,long,lat
01/09/2021 01:01,-3.86614107,56.57870574
01/09/2021 18:21,-2.477483006,55.98549315
03/09/2021 23:28,-1.316575506,52.97928472
03/09/2021 16:18,-4.180140823,57.03360425
01/09/2021 01:54,-7.806014172,54.33357018
03/09/2021 21:55,-4.458906957,57.23453676
02/09/2021 15:07,-6.015607545,54.22111772
02/09/2021 05:44,-2.493751825,57.29587036
02/09/2021 11:26,-2.933303003,56.37310653
01/09/2021 14:50,-2.327372342,52.97635933
02/09/2021 09:30,0.092744766,53.03339764
03/09/2021 06:11,-7.699332001,54.43465743
02/09/2021 10:56,-0.372593557,53.77387867
01/09/2021 14:05,-3.348172083,50.63508595
02/09/2021 14:17,-1.610989505,52.9026032
02/09/2021 10:58,-5.154894224,57.51660207
02/09/2021 17:22,-4.169074955,51.90545377
02/09/2021 00:46,-5.657132687,57.59845318
03/09/2021 23:47,-1.395017691,53.58594387
03/09/2021 08:30,-1.66531588,53.67504295
01/09/2021 01:46,-3.683242987,53.01985272
02/09/2021 11:01,0.98334472,52.06526724
03/09/2021 16:53,-6.821694472,55.10105088
02/09/2021 20:16,-4.219819724,57.88247452
03/09/2021 15:19,-1.147467262,52.18882762
02/09/2021 18:25,-4.136760878,55.74011108
03/09/2021 21:37,-4.130093584,57.03646644
02/09/2021 13:18,-2.975388921,57.05234829
03/09/2021 20:15,-1.855484097,54.06565714
02/09/2021 19:12,-1.420999918,51.85773608
03/09/2021 17:14,0.612009436,52.25970545
02/09/2021 03:27,-3.550704274,58.28382969
02/09/2021 21:48,-2.841370414,53.00453393
01/09/2021 22:05,-1.467448678,52.43222596
01/09/2021 11:27,-2.57743771,52.74776711
01/09/2021 12:47,-2.826527152,54.57874769
01/09/2021 07:44,-1.449276996,53.08811405
03/09/2021 01:14,-5.439047147,57.66089708
01/09/2021 23:35,-2.553915564,57.08801969
02/09/2021 07:27,-0.822868015,53.4255323
03/09/2021 23:02,-0.651491671,51.0337445
01/09/2021 22:57,-4.58057137,55.3172343
02/09/2021 06:34,-5.699661574,54.63625812
02/09/2021 13:15,-4.246757239,52.03593471
01/09/2021 04:45,-3.385136087,57.10905942
01/09/2021 14:02,-2.026204592,52.48705202
01/09/2021 02:02,-4.954991793,56.75127365
01/09/2021 10:05,-0.027082978,51.58296176
02/09/2021 12:23,0.013326202,51.7698623
02/09/2021 02:06,-2.013015886,52.67819579
02/09/2021 12:37,0.181418207,53.26568449
01/09/2021 12:33,0.864980821,52.68399612
01/09/2021 12:33,-1.757828073,54.35510715
02/09/2021 18:31,-4.217886098,50.71569971
03/09/2021 19:59,-2.3906363,57.00320228
02/09/2021 01:10,-2.728632967,50.85528527
02/09/2021 21:05,-3.485863978,55.89883953
03/09/2021 06:52,-3.983578935,57.37876
03/09/2021 12:57,-2.917089383,53.20021185
03/09/2021 19:59,-3.982505295,55.65063479
02/09/2021 01:43,-2.581970027,52.63843923
03/09/2021 04:37,-2.333700482,52.56455818
03/09/2021 16:51,-1.242223644,53.80742413
03/09/2021 20:58,-2.521918368,55.03744191
03/09/2021 18:41,-5.898291564,54.18272897
03/09/2021 00:21,-2.470924091,57.37309124
02/09/2021 20:23,0.462858441,52.13113451
02/09/2021 01:03,-4.048412444,56.80398981
03/09/2021 14:20,-3.92379116,55.5490031
01/09/2021 02:55,-6.3231107,54.21358807
02/09/2021 17:26,1.018023004,52.19644202
02/09/2021 21:42,-6.435281377,58.24585316
02/09/2021 05:10,-4.82637293,51.94965093
03/09/2021 23:50,-2.430017112,53.09794546
03/09/2021 20:00,-4.60669766,56.95840986
02/09/2021 18:12,-3.308507511,53.04006883
03/09/2021 05:36,-6.345987463,55.16951678
01/09/2021 18:27,-0.943323236,53.35040096
02/09/2021 11:56,-3.419412858,56.6769139
02/09/2021 09:16,-2.7849521,53.62606446
02/09/2021 16:22,-5.385415723,56.89200962
02/09/2021 05:01,-4.08421541,54.98055599
03/09/2021 15:18,-2.628166193,50.87437141
02/09/2021 04:18,-7.51640594,54.64733731
03/09/2021 10:14,-4.956499266,50.53281056
02/09/2021 22:02,-3.682608919,51.09096891
02/09/2021 23:36,-1.211724525,52.62437119
03/09/2021 06:30,-1.344005234,52.50215298
01/09/2021 08:55,-6.459111487,58.33635323
03/09/2021 01:10,-3.686924293,58.58042149
03/09/2021 17:45,-5.799138191,56.94191261
02/09/2021 00:06,0.842454987,52.22048814
02/09/2021 08:47,-1.454081255,51.75266278
01/09/2021 02:05,-3.045921116,52.53538092
02/09/2021 03:55,-5.67989116,55.53620017
03/09/2021 21:28,-1.249581014,51.89929683
03/09/2021 21:18,-3.680232914,58.21438597
01/09/2021 06:31,-2.39682649,52.31887537
02/09/2021 08:41,-2.887334005,52.31887537
02/09/2021 04:29,-3.222784812,50.91909221
01/09/2021 14:29,-3.635379356,54.9824703
01/09/2021 03:37,-5.281372357,56.89316136
02/09/2021 16:19,-2.391064703,54.79190654
01/09/2021 13:52,0.424124705,50.93938136
03/09/2021 06:54,-4.252041901,53.32053717
01/09/2021 07:18,-4.625938632,55.89727469
01/09/2021 09:06,-2.956770215,52.39962197
01/09/2021 19:12,-2.57047727,51.16447176
01/09/2021 18:09,-3.252073884,55.22303592
03/09/2021 11:33,-2.08202764,50.8276224
01/09/2021 15:58,-3.456802455,51.48741811
03/09/2021 17:13,-0.898702296,54.30435967
02/09/2021 23:26,0.997452786,51.03419836
03/09/2021 02:55,-3.203194242,58.53118947
02/09/2021 23:56,-0.636841988,50.96177269
02/09/2021 07:28,-3.695640519,56.20675117
03/09/2021 13:52,-0.59315041,53.95179857
02/09/2021 17:04,-2.793551575,55.39374233
03/09/2021 21:52,-4.699013551,57.24055382
02/09/2021 08:47,-7.356595596,57.65435461
03/09/2021 15:54,-6.145702953,55.0203607
02/09/2021 14:29,-1.278240288,50.98622976
01/09/2021 10:49,-1.962560301,55.35712124
03/09/2021 13:31,-2.832107089,54.38262683
01/09/2021 06:19,-2.646590061,52.99473464
01/09/2021 01:26,-6.685399966,58.1651592
01/09/2021 06:26,-6.174846422,55.20128562
01/09/2021 09:25,-1.868823164,53.29976873
03/09/2021 22:46,-6.663255718,54.22812324
02/09/2021 09:12,0.818724168,52.19120555
03/09/2021 07:45,-1.535110269,54.38043554
02/09/2021 07:35,-2.329869748,54.53889577
03/09/2021 16:38,0.930665212,52.78992828
03/09/2021 02:11,-0.287528132,51.05828159
01/09/2021 02:59,-5.689625412,56.68083786
02/09/2021 04:40,-7.005384494,58.1845354
01/09/2021 16:34,-0.4027194,52.45923705
02/09/2021 18:46,-5.223172593,57.35192582
02/09/2021 20:18,-2.389094612,55.40402657
02/09/2021 10:11,-0.595758785,53.25717187
03/09/2021 18:25,-2.725722336,55.86374392
01/09/2021 11:27,-0.276309416,52.22877003
02/09/2021 01:48,-2.851094533,54.94057629
02/09/2021 01:20,-0.371038305,51.18492353
03/09/2021 13:39,-2.688852195,56.5808217
03/09/2021 10:07,-0.705137124,54.41613067
01/09/2021 17:05,-5.308513246,56.6047011
01/09/2021 20:35,-4.446412818,56.01765953
03/09/2021 21:10,-1.571521088,51.59960933
03/09/2021 13:14,-2.941082553,51.3061454
03/09/2021 16:30,-3.862063478,58.06020833
03/09/2021 02:22,-1.991417885,51.92777822
02/09/2021 02:00,-1.604606537,54.05123637
02/09/2021 01:13,-6.370472962,55.7551283
03/09/2021 16:27,-1.427072456,52.95976823
01/09/2021 17:11,-3.044348784,50.72094339
02/09/2021 12:12,-5.606880821,55.51829261
01/09/2021 20:37,-4.888789212,58.37966726
02/09/2021 02:24,-5.300076416,57.61851383
03/09/2021 06:27,-3.466030451,52.67139035
03/09/2021 08:23,-4.702874386,56.28024362
01/09/2021 16:26,-3.314457376,52.20168173
02/09/2021 23:49,-0.095289308,50.9092655
01/09/2021 03:22,-2.087783799,55.6498388
03/09/2021 05:43,-3.29655269,58.40900805
02/09/2021 08:32,-1.06228554,51.05845939
03/09/2021 07:26,-1.855519596,51.42920063
03/09/2021 06:47,-6.181846777,57.61150973
03/09/2021 05:49,-2.0713774,52.65769107
01/09/2021 14:51,-1.745238452,55.52416919
02/09/2021 22:12,-3.37498196,55.35629661
03/09/2021 00:58,-0.849095843,52.95622642
02/09/2021 15:47,-0.888489652,53.54557104
01/09/2021 22:43,-4.133473146,56.41383891
03/09/2021 13:41,-0.735515777,51.55881662
03/09/2021 08:56,-5.966460263,54.54655203
03/09/2021 05:59,-2.154699671,51.54326651
03/09/2021 20:18,-3.047427863,51.810513
01/09/2021 05:51,-1.076726404,53.52902843
01/09/2021 17:49,-2.42970144,51.55726416
02/09/2021 14:36,1.324383132,52.61424511
01/09/2021 16:53,-3.65381638,53.20771195
02/09/2021 13:08,-0.614291653,54.12268658
03/09/2021 02:29,-2.513366245,55.77761993
02/09/2021 07:09,-0.790403185,53.16704051
01/09/2021 00:52,-6.427243543,54.53451011
02/09/2021 15:30,-3.405381518,56.87302812
03/09/2021 02:09,-2.936275038,58.96746133
03/09/2021 18:37,-4.514705057,56.38082374
03/09/2021 16:47,-6.692007657,54.56746189
01/09/2021 18:10,-6.103331027,55.71356314
03/09/2021 20:39,-1.943697666,54.27231756
01/09/2021 23:11,-2.584075154,57.34137281
01/09/2021 05:24,-3.647785158,56.87646803
03/09/2021 16:02,-4.435362577,55.22974485
02/09/2021 21:56,-3.664800813,52.8082652
02/09/2021 12:20,-5.053604766,57.90953533
01/09/2021 08:51,-4.491263446,56.77376828
02/09/2021 08:37,-2.353140936,53.53945881
02/09/2021 09:17,-6.403741207,54.46089767
03/09/2021 08:04,-0.597531751,54.1538426
03/09/2021 07:03,-0.025803435,53.00626675
01/09/2021 04:29,-1.994186962,52.1078869
03/09/2021 16:51,-5.207664734,51.90562971
03/09/2021 20:52,0.286145112,51.71661025
01/09/2021 08:30,-1.415743781,53.76910052
01/09/2021 15:50,-6.995460942,55.02510328
01/09/2021 02:41,0.203892898,52.20327448
02/09/2021 18:40,-3.148178097,54.600019
03/09/2021 02:36,-2.130525765,50.67005776
01/09/2021 16:51,-4.78821118,58.14240059
02/09/2021 22:24,-3.604876578,54.88583566
03/09/2021 19:42,-7.278557739,57.35763894
01/09/2021 14:07,0.303748508,52.71970235
02/09/2021 13:47,-4.566441822,55.52382434
03/09/2021 19:03,-2.738698913,53.16125544
02/09/2021 20:45,-0.527286988,52.53748314
01/09/2021 01:26,-4.883107077,57.24663472
02/09/2021 18:45,-2.363917994,51.52212211
02/09/2021 14:28,-1.65682905,54.26572094
01/09/2021 21:22,-5.823078128,56.62108856
02/09/2021 20:39,-5.734706981,57.071264
02/09/2021 20:54,-1.466528027,53.30301541
02/09/2021 09:02,-4.278024648,52.07371192
01/09/2021 14:19,-5.050404617,52.02055275
03/09/2021 18:01,0.71317301,52.28886806
01/09/2021 21:24,-5.533710252,56.869192
03/09/2021 17:53,0.684384391,52.04588494
02/09/2021 12:25,-1.786964681,53.75743886
03/09/2021 09:13,-1.185947028,50.8996046
01/09/2021 05:54,-6.064221044,57.40605907
01/09/2021 07:44,-5.264927917,56.83852103
03/09/2021 05:12,-4.337522365,55.37473584
02/09/2021 00:39,-4.540978752,57.30002767
03/09/2021 09:09,-3.263635488,55.51518899
02/09/2021 08:36,-7.007024658,54.77861773
02/09/2021 08:15,-4.670163718,50.50478537
03/09/2021 12:27,-1.678601261,52.43673806
01/09/2021 19:07,-0.493762026,52.13117344
03/09/2021 02:35,-0.404567075,51.41524918
03/09/2021 04:03,-6.688304917,57.97429644
03/09/2021 20:34,-3.324242529,56.44730966
02/09/2021 00:48,-3.755227936,52.15084668
02/09/2021 19:20,-5.797873929,57.20934188
02/09/2021 02:41,-0.080116285,52.56365999
02/09/2021 23:37,-1.804542451,55.29974759
02/09/2021 18:02,-5.521755861,57.01312174
02/09/2021 16:32,-4.807164153,55.18026391
02/09/2021 10:41,-4.582037963,57.30788932
03/09/2021 05:49,-3.71710626,51.5257822
02/09/2021 21:15,-4.600243125,50.74310945
02/09/2021 13:21,-0.94816979,51.08253441
01/09/2021 03:23,-5.348340993,56.39112132
02/09/2021 11:28,0.715489994,51.55852872
03/09/2021 04:22,-0.709852088,54.43730223
01/09/2021 16:19,-3.605804384,50.41905032
01/09/2021 07:28,-5.2997987,57.73899064
02/09/2021 13:15,-4.761718886,57.00066994
02/09/2021 16:20,-0.806485423,50.80684547
03/09/2021 22:53,-2.644108419,54.78569092
01/09/2021 06:18,-2.53134891,52.05637583
03/09/2021 22:40,-7.378153685,57.31958141
03/09/2021 11:46,-2.598310267,54.46867669
03/09/2021 22:59,-7.035377571,54.91398213
01/09/2021 22:19,-0.983190766,51.376569
02/09/2021 15:44,-1.297895576,54.32410732
01/09/2021 15:50,-1.753705616,54.17060401
01/09/2021 08:04,-4.250708023,52.94028021
01/09/2021 02:30,-2.249182405,53.20370151
03/09/2021 20:56,-5.320470764,55.99230695
02/09/2021 07:53,-5.988918853,54.063775
02/09/2021 04:24,-4.360644022,51.95757299
01/09/2021 00:03,-1.412000741,54.29346877
03/09/2021 05:09,-2.240092536,57.03880806
02/09/2021 03:20,-0.207416155,52.53792543
03/09/2021 05:40,-0.477709054,52.32544461
02/09/2021 15:00,-4.898007227,56.36873968
03/09/2021 01:53,-4.847992891,57.2925552
03/09/2021 05:51,-0.592446697,52.33023065
01/09/2021 17:56,0.514475172,51.37780649
03/09/2021 03:17,-1.246105344,60.22988717
02/09/2021 11:33,-5.11078608,57.29220311
02/09/2021 18:35,-3.917926252,52.34653641
03/09/2021 07:47,-4.505957315,57.89492565
03/09/2021 22:09,-2.158311938,57.02565002
01/09/2021 16:38,-1.525695106,52.40486029
01/09/2021 12:04,-3.568544927,52.61357599
01/09/2021 00:44,-2.93689009,51.80071404
01/09/2021 12:56,-2.577116179,50.84722263
02/09/2021 05:58,-2.970739661,57.13763001
03/09/2021 16:44,-3.859152029,55.58621549
03/09/2021 01:41,-4.880308991,51.81257439
03/09/2021 10:30,0.099082218,53.40778139
01/09/2021 08:59,-0.464377157,53.39645847
01/09/2021 01:23,-0.620571418,52.47365927
03/09/2021 01:57,-5.136922794,56.3157701
01/09/2021 05:50,-3.38899542,58.30123093
01/09/2021 07:57,-4.565155521,51.7450668
03/09/2021 00:48,-6.562011818,54.8124784
02/09/2021 15:34,-2.605970148,56.67612019
02/09/2021 03:32,-4.076162247,55.28040499
01/09/2021 13:58,-1.651898712,50.91726844
01/09/2021 04:48,-6.470137312,54.4451634
03/09/2021 22:41,-4.067237145,50.55571874
01/09/2021 21:25,-1.738088566,52.7542868
03/09/2021 17:14,-2.633521607,53.04373396
03/09/2021 01:10,-6.409088465,54.85547619
02/09/2021 17:21,-4.422231039,50.49124667
03/09/2021 14:15,-4.206588219,58.07785625
03/09/2021 07:25,-1.503697691,54.23357278
03/09/2021 03:27,-4.503020806,58.55220097
01/09/2021 19:46,-3.80327947,56.07761093
03/09/2021 07:29,-0.546630104,53.96227317
01/09/2021 22:45,-6.797464837,57.92825781
03/09/2021 03:40,-6.797653637,54.78834635
01/09/2021 20:34,-2.697728512,53.85335442
02/09/2021 03:17,-1.194861304,52.1580848
02/09/2021 15:03,-4.273190612,57.97998826
01/09/2021 09:36,-1.516216501,53.09271662
03/09/2021 00:17,-4.48399735,56.13786473
03/09/2021 19:54,0.57662153,50.92372294
02/09/2021 08:49,-2.837807813,54.50629325
02/09/2021 14:43,-3.246438992,56.66651266
02/09/2021 01:06,-1.630182457,55.17748378
02/09/2021 15:30,-1.837455511,53.05108592
01/09/2021 15:44,-3.525567516,56.20474753
01/09/2021 15:35,-2.481916145,54.23355628
01/09/2021 20:46,-4.706103973,58.10400044
02/09/2021 03:14,-2.841695341,56.52944242
01/09/2021 18:30,-0.840136776,52.43502904
02/09/2021 13:24,-3.271282954,55.59654946
01/09/2021 05:11,-2.449342878,54.90848143
02/09/2021 17:59,-5.579899627,50.15594547
03/09/2021 20:09,-0.35485791,53.83907857
01/09/2021 20:15,-2.097256497,52.74153493
01/09/2021 19:14,-2.975964407,56.54292145
03/09/2021 14:05,-3.257702703,52.53310331
03/09/2021 01:56,-2.413117818,54.48703914
01/09/2021 22:42,-2.464703857,56.85852774
01/09/2021 13:32,-2.999891291,50.8939107
01/09/2021 02:28,-2.928897558,51.79506536
01/09/2021 13:08,-0.215839696,52.11917411
02/09/2021 18:36,-6.082362533,54.24943176
01/09/2021 12:42,-4.80158879,51.91262095
03/09/2021 18:42,-2.787951017,57.38278951
02/09/2021 21:47,-3.41433096,54.84080378
01/09/2021 08:58,-2.666846582,50.80128986
02/09/2021 03:58,-3.688817862,52.18142466
02/09/2021 16:45,-2.549150467,52.38749368
03/09/2021 11:41,-0.220139378,51.55298489
03/09/2021 09:16,-6.657656418,57.36932446
01/09/2021 11:19,-2.43071202,52.19885509
02/09/2021 22:19,1.077607101,52.70523908
02/09/2021 00:40,-0.614157889,52.66986218
02/09/2021 03:25,-3.560141255,51.90872954
02/09/2021 15:30,-3.94010902,58.38139564
03/09/2021 13:57,-6.059340056,55.82087495
03/09/2021 07:10,0.85738135,51.16909002
01/09/2021 09:15,-1.798092375,53.31045379
02/09/2021 20:15,-1.172786843,51.9585301
01/09/2021 01:49,-4.311090386,56.52516021
03/09/2021 12:57,-7.593721397,54.19273739
02/09/2021 04:56,-5.27859849,50.14449074
02/09/2021 22:40,-1.281862276,51.69565433
03/09/2021 14:04,-6.386412379,55.72591158
02/09/2021 06:55,-3.798101382,58.44643278
02/09/2021 15:03,1.165998736,52.22183983
03/09/2021 17:57,-1.148254398,51.24926527
02/09/2021 00:56,-2.024182198,55.79461752
01/09/2021 12:07,-1.892061304,52.797819
03/09/2021 02:25,-3.888234589,53.17078029
02/09/2021 10:58,-5.373813527,56.21657535
02/09/2021 00:45,-3.195259741,54.67141396
01/09/2021 15:10,-4.010657413,50.66899046
02/09/2021 00:27,-2.166676349,51.02748164
01/09/2021 18:55,-2.839358584,51.90560278
02/09/2021 15:36,-6.319203021,58.30365632
01/09/2021 13:14,-5.672878297,56.70260736
01/09/2021 15:18,-1.512290051,51.57655436
03/09/2021 21:50,-3.296046426,52.46956087
03/09/2021 00:50,-5.13299224,55.98059572
02/09/2021 12:47,-1.993854319,52.06715641
03/09/2021 15:11,-2.499654623,54.47274188
03/09/2021 23:16,-2.367099785,56.96359947
03/09/2021 00:44,-2.02824779,53.24899429
03/09/2021 13:04,-0.226990893,53.35457182
01/09/2021 13:46,-3.576329936,55.5250695
03/09/2021 03:36,-1.607050694,52.9357084
02/09/2021 20:13,-2.789217901,53.51679906
02/09/2021 01:18,-4.189164573,56.87729977
02/09/2021 12:25,-2.751146364,54.74055429
02/09/2021 02:04,-0.372169676,53.89394192
02/09/2021 15:06,-0.951914571,52.14379516
02/09/2021 14:37,-4.413326238,57.78109695
02/09/2021 23:19,-7.627830311,54.61796959
03/09/2021 10:55,-1.258344882,60.11358227
02/09/2021 11:09,-3.268053388,55.24073435
02/09/2021 20:01,-2.648710321,57.51585757
02/09/2021 16:45,-5.834878269,57.57483097
01/09/2021 05:03,-5.650579489,55.51704521
03/09/2021 18:15,-6.423016663,54.90479044
01/09/2021 14:30,-6.259996133,54.18764438
02/09/2021 00:16,-2.92050829,53.47748991
02/09/2021 05:27,-0.238649658,52.47956988
01/09/2021 14:36,1.472744805,52.13677035
02/09/2021 12:32,-0.879079745,52.90760505
01/09/2021 02:12,-4.068841932,55.14406008
03/09/2021 15:25,-3.524701479,51.49045724
02/09/2021 19:50,-1.565647858,52.85521268
02/09/2021 01:09,-2.264604495,54.60103531
02/09/2021 02:20,-6.22129612,54.62425145
02/09/2021 10:02,-4.536812502,56.36161446
03/09/2021 07:11,-1.563513304,52.26641145
01/09/2021 10:03,-4.203428928,58.43546306
03/09/2021 21:03,-1.6904003,51.24709932
02/09/2021 22:33,-2.773588555,54.94754727
01/09/2021 01:56,-1.584549269,54.16621226
01/09/2021 21:30,-2.162516001,55.69398574
03/09/2021 03:11,-2.946330403,52.92048181
02/09/2021 19:09,-6.37316864,55.77693914
01/09/2021 01:59,-2.646352022,51.88955217
01/09/2021 14:24,-1.393298889,51.82502674
03/09/2021 15:41,-5.41770251,57.48425889
03/09/2021 01:01,-0.577204129,54.20233009
02/09/2021 15:55,-3.905447705,55.12080489
01/09/2021 22:44,-0.249652399,53.92018749
03/09/2021 12:00,-2.441440559,52.65921106
01/09/2021 03:02,-3.285919316,52.98814811
03/09/2021 16:50,-1.977225476,53.75020631
02/09/2021 15:22,-2.90417097,53.76468917
01/09/2021 18:41,-6.5140429,58.2605737
01/09/2021 22:38,-2.055345052,52.7243896
01/09/2021 05:10,-3.537606388,51.7546481
01/09/2021 10:51,-2.377464451,53.20782044
03/09/2021 15:50,-7.416802202,54.15294959
02/09/2021 07:18,0.412333236,52.74692351
03/09/2021 00:59,-3.591942494,55.23088443
03/09/2021 21:08,-5.627946635,55.79379132
03/09/2021 22:08,-4.213153096,56.58594434
03/09/2021 13:09,-7.338555653,54.86759046
01/09/2021 18:10,0.135692241,52.13590163
01/09/2021 16:27,-6.908647091,54.66333051
02/09/2021 14:05,-2.192854399,53.86220484
02/09/2021 17:28,0.21986823,51.05982342
01/09/2021 12:29,-2.755732314,55.85154289
03/09/2021 10:23,-3.504250002,57.20835412
03/09/2021 04:11,-2.543853181,55.60540563
01/09/2021 01:56,-6.266118516,54.10476567
01/09/2021 00:25,-3.640221905,56.85832232
02/09/2021 04:00,-3.28618861,52.37915261
03/09/2021 04:07,-3.478575076,52.55168305
01/09/2021 18:58,-2.89504149,52.19568387
02/09/2021 23:50,-4.530415959,57.10688947
02/09/2021 22:30,-1.973152982,54.75667771
03/09/2021 18:05,-0.574668426,54.21837806
02/09/2021 15:46,-4.223786912,57.49295764
02/09/2021 23:24,-1.424702631,52.67790044
03/09/2021 11:19,-2.851553462,52.1563001
02/09/2021 00:52,-2.984907214,53.09545456
01/09/2021 15:43,-0.135451911,53.42541279
02/09/2021 00:26,-5.872432551,57.10759021
02/09/2021 15:51,-6.117913573,54.90960998
01/09/2021 13:50,-4.261983519,57.25741432
02/09/2021 05:44,-2.102779663,57.16689881
02/09/2021 05:28,-1.725729819,54.66760171
03/09/2021 08:47,0.124615266,51.50889575
03/09/2021 13:31,-4.493385498,52.93424174
02/09/2021 11:24,-2.551793115,57.49066678
03/09/2021 12:11,-2.939836747,53.29889301
01/09/2021 00:25,-0.493815675,50.83009473
02/09/2021 12:18,-2.744042711,51.38048257
01/09/2021 19:47,-2.148963994,54.35663112
03/09/2021 05:53,-1.379669407,53.22933052
02/09/2021 09:09,-3.408204219,54.65808328
02/09/2021 08:02,-3.718105484,50.38796324
01/09/2021 10:45,-4.229836075,53.31960344
02/09/2021 18:37,-3.964264586,55.70146538
02/09/2021 05:14,-2.785161088,54.68282836
02/09/2021 05:15,-2.829587333,57.08826165
02/09/2021 03:39,-3.704622067,56.32589404
01/09/2021 19:19,-2.827548785,51.0578148
03/09/2021 05:30,-5.207686522,55.46007947
01/09/2021 15:46,-1.965216712,55.57601689
01/09/2021 07:29,-0.932366553,52.83317303
01/09/2021 07:02,-7.637860941,54.68202847
02/09/2021 23:53,-2.699842855,52.84689065
01/09/2021 16:48,-4.308976168,56.06882626
01/09/2021 19:15,-2.043160902,57.2954549
02/09/2021 12:12,-2.731130571,57.52004801
01/09/2021 04:45,-2.690671439,51.83199711
02/09/2021 06:20,-7.605552604,54.71331129
02/09/2021 03:30,-0.09869296,53.84689896
01/09/2021 10:53,-1.50015831,53.96115072
03/09/2021 05:31,-3.260820232,52.54982464
03/09/2021 21:01,-7.599181765,54.59081285
01/09/2021 05:24,-3.400517621,52.18925235
01/09/2021 03:42,-3.681312489,57.3142262
01/09/2021 22:27,-0.554042755,51.68511242
01/09/2021 12:48,-3.568736539,55.85676409
02/09/2021 08:40,-4.006076547,50.66282901
01/09/2021 17:58,-0.743095375,52.27317598
03/09/2021 16:47,0.148703806,53.10187685
02/09/2021 17:31,-3.138088602,52.21460296
02/09/2021 07:37,-2.366408256,56.98341372
02/09/2021 23:50,0.124375074,51.37713793
03/09/2021 22:05,-2.365918393,57.57844089
03/09/2021 00:31,-2.897354656,54.75903668
03/09/2021 05:11,-3.787350395,50.35970019
01/09/2021 15:25,-2.446794008,55.84929586
01/09/2021 17:39,-3.058255448,58.45702856
02/09/2021 20:44,-1.522108412,52.48777027
02/09/2021 17:32,-0.990692187,51.6527089
03/09/2021 05:12,-5.791244927,56.3281017
03/09/2021 14:53,-7.277958728,54.49413084
01/09/2021 00:11,-3.784909276,55.84713809
03/09/2021 22:03,-0.303858725,52.47972447
01/09/2021 12:52,-3.670345619,57.06088968
02/09/2021 12:12,-5.338938352,56.28292198
01/09/2021 12:00,-1.29618311,60.40389448
03/09/2021 08:11,-3.157520955,53.39401709
02/09/2021 08:49,-2.018911564,54.21790617
01/09/2021 23:48,0.921692456,52.7804226
03/09/2021 01:21,-1.032732713,51.89182696
02/09/2021 13:48,-3.211331075,52.3157772
01/09/2021 21:32,-6.458119322,57.44779138
03/09/2021 07:37,-4.00610931,50.73555084
01/09/2021 23:39,-2.934293018,55.13112605
01/09/2021 07:37,-6.717974806,54.533714
03/09/2021 02:13,-1.205809062,53.7658856
01/09/2021 18:14,-6.150387654,54.67982856
03/09/2021 20:52,-4.449045252,58.34652116
01/09/2021 20:21,0.081993536,51.50483278
03/09/2021 06:44,-3.49467673,52.02568915
02/09/2021 21:52,-2.907903603,55.6603063
02/09/2021 22:16,-0.285751362,51.64344109
03/09/2021 05:49,-6.501497376,58.03371877
03/09/2021 12:16,-2.935730242,55.20088276
02/09/2021 06:21,-4.588840886,51.99287779
03/09/2021 17:41,-2.350202444,54.62444688
01/09/2021 00:23,-6.728963041,55.14938274
02/09/2021 01:38,-4.726930101,57.46946459
03/09/2021 17:21,-0.878439687,54.28815305
02/09/2021 11:57,-2.230700133,52.98086215
02/09/2021 04:47,-3.092472448,54.93202336
01/09/2021 06:20,-7.52762326,54.72680923
01/09/2021 06:55,-1.449176618,53.03774478
02/09/2021 05:14,-3.78188079,51.23355213
03/09/2021 23:42,-3.391474512,57.68543082
03/09/2021 20:27,-1.737323098,53.81848918
03/09/2021 01:08,-0.523365708,52.13640714
03/09/2021 00:16,-5.534224056,56.94782904
02/09/2021 22:53,-2.613600608,52.50973291
03/09/2021 17:33,-1.172482554,51.51317823
01/09/2021 02:59,-5.227614252,56.42467768
01/09/2021 16:45,-4.535857565,50.59173155
03/09/2021 16:02,-3.612525056,52.89512659
01/09/2021 16:00,-0.889657545,51.29820181
02/09/2021 00:55,-4.795931384,58.34537332
03/09/2021 18:52,-3.237220597,51.43638953
01/09/2021 08:39,-4.36097588,50.73414386
01/09/2021 10:29,-2.355359179,57.20985279
01/09/2021 10:57,-4.465343244,55.93378711
01/09/2021 12:33,-7.943240109,54.47469867
03/09/2021 06:58,0.610352944,52.40467039
02/09/2021 18:41,-0.685472832,51.40367633
03/09/2021 01:27,-3.930016375,54.98515571
01/09/2021 03:14,-5.050216278,57.49629531
02/09/2021 00:20,0.876035958,52.1647941
01/09/2021 19:18,-1.313937127,54.35237944
02/09/2021 05:21,-1.64036484,55.56365845
03/09/2021 07:08,-1.726666331,50.92305684
03/09/2021 18:42,-3.422217189,52.5833492
03/09/2021 15:36,-4.864325316,56.85267048
03/09/2021 04:25,-0.116610437,52.09561026
03/09/2021 23:15,-4.702672199,55.27214959
03/09/2021 15:24,-2.683473153,50.72298486
03/09/2021 21:46,0.05282269,51.54085635
02/09/2021 01:22,-4.722344916,54.91824853
03/09/2021 19:15,-7.504998644,54.76719522
02/09/2021 02:41,-0.871796885,50.8316514
03/09/2021 15:25,-3.282765382,58.83008651
03/09/2021 18:56,-5.108704489,57.48676384
02/09/2021 16:51,-0.266690609,52.85047839
01/09/2021 07:03,-6.52016736,54.41623317
01/09/2021 18:41,0.055151749,53.22058097
03/09/2021 21:03,-4.892379779,57.28907038
03/09/2021 01:32,-5.455968418,57.44681704
03/09/2021 01:12,-0.73284361,54.5257765
03/09/2021 06:10,-2.334359396,51.77747602
03/09/2021 15:43,-0.991802199,51.6895939
03/09/2021 04:15,-1.590660362,53.06477401
03/09/2021 03:32,1.432187272,52.4486697
01/09/2021 05:06,-2.215578374,53.03475748
03/09/2021 10:46,-0.472488873,53.60138178
02/09/2021 08:40,-3.893644466,58.48928059
01/09/2021 06:45,-4.840177486,55.19533266
02/09/2021 05:06,-1.538648767,54.46775695
01/09/2021 06:59,-3.268133931,55.77084309
03/09/2021 23:59,-1.133714491,60.53333983
03/09/2021 16:34,-2.828198239,55.90067868
01/09/2021 16:05,-3.405428881,56.44185376
01/09/2021 09:58,-4.760530918,50.39531216
02/09/2021 14:45,-1.91621512,53.45550603
01/09/2021 03:55,-6.558480494,54.08509548
03/09/2021 15:16,-7.300804933,57.56860367
02/09/2021 16:29,1.087485251,52.41591881
02/09/2021 09:02,-0.96858439,54.30495266
02/09/2021 17:34,-3.863925798,53.15167129
03/09/2021 22:05,-2.094749012,53.66420573
01/09/2021 05:36,-6.729377815,54.63925945
01/09/2021 21:28,-3.037903976,54.6025988
02/09/2021 12:17,-2.98965043,52.11441471
02/09/2021 05:55,-0.617713872,52.55501788
01/09/2021 18:21,-4.80813407,57.09178908
02/09/2021 20:57,-6.588565574,57.95648138
03/09/2021 22:15,-3.89440376,52.49606345
02/09/2021 10:56,0.283534393,52.38640944
03/09/2021 00:34,1.123147221,52.57844643
01/09/2021 15:51,0.720732868,52.13402385
03/09/2021 16:20,-3.342010194,58.41646011
03/09/2021 17:16,-3.842221933,53.04034642
01/09/2021 04:19,-1.215102966,60.49067334
02/09/2021 09:47,-2.925976859,56.55850548
02/09/2021 08:03,-5.817768351,56.59432343
02/09/2021 16:21,-5.606942114,57.18349061
03/09/2021 03:33,-0.868033206,51.21132249
01/09/2021 11:49,-1.825372667,55.25788139
03/09/2021 14:55,-6.837839534,57.84491775
01/09/2021 10:59,-2.570593685,52.86150284
02/09/2021 14:59,-4.613553953,58.32625604
02/09/2021 22:10,-4.572623452,54.96653852
02/09/2021 01:03,-2.354004302,55.65565143
01/09/2021 06:26,-2.330450416,51.23641193
02/09/2021 09:49,0.574135156,52.6359535
01/09/2021 10:50,-2.418679271,51.35306558
02/09/2021 01:57,-2.731065389,56.2142624
01/09/2021 01:56,-4.15380348,56.3066271
03/09/2021 19:58,-2.481329925,53.95964889
02/09/2021 12:19,-5.563400985,57.81668036
01/09/2021 06:28,-3.34334116,55.66145532
03/09/2021 22:52,-5.041976679,57.67794236
03/09/2021 16:23,-4.338772154,55.8865908
03/09/2021 01:12,-1.176098871,53.67737592
01/09/2021 08:24,-2.650399829,52.87503741
03/09/2021 14:57,-4.426382298,54.91369045
01/09/2021 04:56,0.299745226,50.97320973
03/09/2021 02:17,-3.181451027,52.81092915
02/09/2021 20:10,0.820286992,52.72042677
02/09/2021 23:07,-0.97546724,52.65870565
01/09/2021 04:58,-2.5074305,51.41427762
02/09/2021 21:32,-4.119172401,58.27706879
02/09/2021 09:38,-2.103209731,55.5027202
02/09/2021 22:58,-5.489524298,57.31417067
02/09/2021 00:15,-2.64081643,52.77726141
02/09/2021 00:29,-3.219294538,52.14719676
01/09/2021 11:40,-4.964571255,56.49799522
01/09/2021 22:11,-4.677702222,57.42185314
03/09/2021 00:04,-3.509233263,52.98368494
01/09/2021 09:51,-3.524554408,58.55025321
02/09/2021 07:09,-0.653585046,54.28149583
02/09/2021 12:09,-0.534470487,52.34312626
02/09/2021 12:12,-0.72956065,52.87963127
03/09/2021 01:47,-5.215197027,56.02582119
02/09/2021 01:27,-5.020736392,56.81456749
01/09/2021 16:46,-1.773513086,54.84182372
01/09/2021 11:57,-2.13321137,51.14849149
02/09/2021 05:30,-1.020624471,53.60800856
02/09/2021 17:51,-2.87611926,55.88225569
01/09/2021 09:37,-5.25978552,57.44672035
02/09/2021 21:42,-0.640387423,54.00228954
03/09/2021 03:00,-3.420867305,50.64916324
03/09/2021 10:48,-4.926201909,50.37804211
01/09/2021 06:10,-1.813733381,54.04334285
03/09/2021 07:03,-2.545182267,51.32896729
02/09/2021 01:46,-6.784956043,54.25207551
01/09/2021 14:06,-4.637291394,57.93626104
01/09/2021 14:42,-4.177806544,51.60688373
01/09/2021 00:34,-4.026930075,51.9030868
03/09/2021 19:12,-1.519219901,51.50119529
02/09/2021 04:15,-1.770976267,55.4274725
01/09/2021 01:14,-1.203789949,50.65002258
02/09/2021 06:22,-4.579896229,55.58222199
01/09/2021 00:07,-2.100334859,53.95852969
02/09/2021 21:03,-5.821832821,56.38741355
01/09/2021 07:52,-5.291680633,58.20243241
03/09/2021 07:56,-1.933559228,52.75694838
02/09/2021 02:01,-6.244037928,56.29026544
01/09/2021 05:40,-0.397068264,50.87685006
02/09/2021 17:39,-0.138610213,51.3661712
03/09/2021 08:03,-2.444387921,52.97883031
03/09/2021 02:21,-4.618344047,55.77252161
03/09/2021 09:27,-6.939197219,55.00105968
01/09/2021 03:06,-1.313677051,60.29901124
01/09/2021 14:24,-1.638135946,55.4701045
02/09/2021 00:02,-2.342621508,55.11818222
03/09/2021 00:50,-4.900810688,50.26768696
03/09/2021 17:13,-1.927439717,51.29289174
03/09/2021 23:44,-6.266155121,56.54015591
03/09/2021 07:55,-0.284141726,52.51227292
02/09/2021 20:26,-3.194452956,56.50663719
02/09/2021 16:04,-4.099261779,53.17072402
02/09/2021 13:16,-2.512354405,57.59719866
03/09/2021 13:15,-3.065935709,54.90589089
02/09/2021 05:46,-5.026093456,56.46377327
01/09/2021 13:34,-4.198480074,51.9776424
02/09/2021 00:52,-0.420207211,52.04752517
01/09/2021 05:33,-5.183708621,56.81992934
03/09/2021 03:10,-2.442750967,54.15243092
01/09/2021 19:03,-1.820183726,54.18471801
01/09/2021 04:57,-1.860830051,54.9700124
02/09/2021 08:24,-3.847989138,56.560655
02/09/2021 06:15,0.373541523,51.2231797
03/09/2021 06:10,-2.29711538,54.45776893
03/09/2021 21:25,-3.140203604,56.89527268
01/09/2021 10:38,-4.970864698,57.86832134
03/09/2021 09:55,-4.484169645,56.84686775
02/09/2021 00:12,-1.643921783,54.48785791
01/09/2021 12:34,-1.187158205,51.46829283
02/09/2021 12:33,-1.169210846,52.58270289
01/09/2021 07:14,-3.639893242,56.54717545
03/09/2021 08:14,-2.515816608,56.96422273
02/09/2021 04:12,-4.608925978,57.94087312
01/09/2021 07:43,-4.116776772,55.80382267
03/09/2021 11:03,-1.993396224,52.56021681
02/09/2021 23:16,-2.727945682,53.55458683
03/09/2021 06:57,-0.586628054,54.06714209
02/09/2021 23:10,-7.233164873,55.01543416
03/09/2021 15:52,-5.282833461,56.99783533
01/09/2021 20:28,-5.13524234,57.99100241
01/09/2021 01:12,0.738587709,51.14619405
01/09/2021 10:37,-3.470021719,55.70868769
02/09/2021 20:52,-4.093630094,55.82174017
01/09/2021 04:02,-1.799270548,55.38475532
02/09/2021 05:21,-2.206221581,51.50464671
01/09/2021 08:00,-2.495078559,51.69275092
02/09/2021 22:08,-3.759416116,56.82163338
02/09/2021 19:13,-1.975576076,54.79388733
01/09/2021 02:31,-1.971280008,51.08921592
01/09/2021 08:35,-3.556601997,56.84490808
01/09/2021 09:47,-1.788705203,55.36814092
02/09/2021 05:14,0.434186423,50.96564665
02/09/2021 07:59,-1.866528006,54.89009
02/09/2021 15:59,-2.999563649,55.8472359
01/09/2021 04:35,-3.096288237,57.6286554
02/09/2021 09:28,1.136259109,52.13471393
01/09/2021 04:32,-4.315218108,52.99125562
01/09/2021 03:06,-2.115124528,50.81688641
02/09/2021 14:17,-6.382118365,55.17240343
01/09/2021 20:35,-6.925650168,54.8695286
02/09/2021 21:03,-3.354498617,51.40467157
01/09/2021 11:49,-0.634509626,54.36774726
01/09/2021 17:47,-2.460952494,55.16201807
02/09/2021 13:41,-2.516712576,55.44276463
01/09/2021 01:08,-3.148083173,55.8322178
01/09/2021 16:29,-0.009599252,51.16400108
01/09/2021 14:10,-0.805605575,51.35797452
02/09/2021 08:59,-1.58742142,51.85904022
01/09/2021 14:16,-2.798898391,51.90622659
01/09/2021 04:19,-2.782424812,57.58446325
01/09/2021 04:29,-3.807752077,53.19564472
01/09/2021 04:12,-2.116107644,55.33441767
02/09/2021 16:18,-3.80574322,56.68982829
03/09/2021 17:50,-3.514352441,52.66174729
03/09/2021 03:21,-1.510985069,54.38638873
02/09/2021 22:19,-1.340349219,54.52122644
03/09/2021 04:54,-2.764334859,56.72862078
03/09/2021 01:54,-6.143308156,54.91290483
02/09/2021 01:17,-3.129139871,57.3244675
02/09/2021 21:09,-5.250082545,57.72712215
02/09/2021 18:18,-4.254578298,57.9911713
02/09/2021 10:20,-2.661067294,53.0995214
01/09/2021 23:34,-3.146446647,57.67394928
03/09/2021 21:50,0.568416941,52.94725309
01/09/2021 04:14,-2.82801861,53.53229744
02/09/2021 10:05,-5.767695753,56.56679123
02/09/2021 06:25,-1.210993364,51.66484747
02/09/2021 08:20,-5.144304504,57.62901246
01/09/2021 06:17,-4.019303002,51.7038632
02/09/2021 21:25,-5.44314068,57.61502728
03/09/2021 23:17,-1.591731152,54.91161593
01/09/2021 20:47,-2.157561911,51.78410589
03/09/2021 10:33,-5.36782009,57.7856815
02/09/2021 13:44,-5.081206277,57.04165977
02/09/2021 00:38,-0.220330059,53.22934564
01/09/2021 14:19,-2.512749282,53.25591119
03/09/2021 07:50,-0.249717827,52.67618826
03/09/2021 07:16,-4.24810091,53.19866403
02/09/2021 00:25,-1.345336159,50.90311152
01/09/2021 20:35,-4.648638823,53.29572433
01/09/2021 02:41,-1.630816616,53.07877736
01/09/2021 16:26,-3.065623566,56.22360879
03/09/2021 23:29,-7.248418259,54.41004522
03/09/2021 05:59,1.062472568,51.86560586
02/09/2021 17:16,-2.701411014,55.94592349
02/09/2021 13:46,-0.227818107,50.8554276
02/09/2021 21:42,-2.636574976,56.01237044
03/09/2021 18:05,-4.804072487,51.67906174
02/09/2021 20:27,-5.451408134,57.80298099
03/09/2021 00:44,-3.135044249,52.96293244
03/09/2021 18:51,-2.57296403,51.02484395
02/09/2021 11:37,-2.847742337,54.42202123
01/09/2021 22:05,-1.988536118,54.74140465
01/09/2021 16:56,-3.082076567,54.58191514
02/09/2021 14:59,0.855045684,51.66510366
02/09/2021 12:57,-4.012609259,54.8783255
01/09/2021 10:25,-0.344615777,51.03902196
01/09/2021 20:52,-1.405280131,51.98730066
03/09/2021 10:36,-2.729676123,55.80301097
02/09/2021 13:17,-4.274403309,50.81530904
01/09/2021 01:44,0.674138231,50.91589275
01/09/2021 08:29,-1.946982668,52.23909719
03/09/2021 15:21,-6.326468303,57.37568567
03/09/2021 18:55,-3.812746086,57.05877951
01/09/2021 06:56,-2.863377472,55.566507
02/09/2021 04:46,-4.372703872,56.32338966
01/09/2021 02:54,-4.909931198,57.40090395
03/09/2021 15:47,1.132445889,51.13879416
03/09/2021 03:01,-3.333135146,52.14002742
02/09/2021 11:57,-4.071655356,58.01115313
01/09/2021 16:53,-3.931181137,56.72498913
03/09/2021 10:50,-1.177710366,54.55419417
02/09/2021 10:52,-2.356684458,53.65669673
01/09/2021 08:39,0.890272122,52.59124982
02/09/2021 13:44,-3.698643912,50.31368722
02/09/2021 17:16,-1.863971878,53.4196782
03/09/2021 09:33,-3.225494746,58.87173593
03/09/2021 21:40,-3.078242805,51.74891847
02/09/2021 03:17,-2.951071008,51.92898679
01/09/2021 13:35,-0.823255832,52.3579184
02/09/2021 12:18,-0.836603783,53.00786849
01/09/2021 19:16,-3.887360762,58.49094345
01/09/2021 04:38,-3.320851607,54.39952349
01/09/2021 14:10,-5.073060982,54.90561862
02/09/2021 07:13,-4.770285959,57.92147814
03/09/2021 18:02,-3.311999362,50.97534153
03/09/2021 14:07,1.005824984,52.17519687
01/09/2021 11:28,0.256058488,52.32605537
02/09/2021 05:27,-1.266993114,53.89155942
01/09/2021 02:56,-2.446047599,55.89344245
03/09/2021 23:39,-1.877132013,54.45673665
01/09/2021 11:28,-2.723552691,57.46674905
02/09/2021 13:05,-4.092075575,58.52116863
02/09/2021 11:04,-2.141716657,53.23312755
02/09/2021 19:21,-2.038833482,50.68334054
03/09/2021 21:15,-6.725591616,58.10005687
01/09/2021 23:48,-3.688245209,52.82650374
01/09/2021 15:07,-3.503642445,54.54143896
01/09/2021 11:39,-3.176523058,57.6652335
03/09/2021 18:08,-2.174053232,52.3804716
03/09/2021 22:55,-4.029506561,56.53731942
01/09/2021 15:20,0.615183653,50.97460644
02/09/2021 12:07,-1.669840781,53.50617195
03/09/2021 11:23,-3.966675129,58.19490697
02/09/2021 04:41,-4.900883589,57.73542185
03/09/2021 16:26,-0.298372798,51.18143458
01/09/2021 05:41,-2.827288488,53.72633511
02/09/2021 22:54,1.163193283,52.82828302
02/09/2021 17:23,-3.50404736,57.17800778
01/09/2021 14:44,-4.695606798,56.24129318
03/09/2021 19:42,-0.638681169,53.41455287
02/09/2021 23:55,-6.392062727,54.87557714
01/09/2021 18:12,-2.299752891,55.43556276
02/09/2021 23:43,0.834353732,52.42465509
01/09/2021 17:35,-3.282230617,56.47557184
01/09/2021 03:03,-0.363562469,52.03558894
01/09/2021 03:39,-0.1472174,52.18764991
01/09/2021 16:35,-3.917400282,55.83391534
02/09/2021 15:23,-7.743148876,54.25712491
01/09/2021 07:52,-2.023067499,53.39257194
01/09/2021 07:30,-4.268852427,50.50800763
02/09/2021 09:34,-2.665198708,54.23965189
02/09/2021 21:45,-4.606726525,56.84916947
01/09/2021 01:29,-2.458844948,54.94826398
03/09/2021 14:03,-3.439817909,52.26160587
01/09/2021 06:45,-6.675931312,57.37500788
03/09/2021 22:45,-6.710816296,54.87926428
01/09/2021 10:51,-0.336466303,51.6702773
02/09/2021 10:34,-3.13440906,57.19271936
03/09/2021 16:51,1.164811124,52.51963786
02/09/2021 00:25,-5.877204026,54.79745092
02/09/2021 05:07,-5.220640849,55.53542475
02/09/2021 14:33,-2.206903422,54.95305238
03/09/2021 14:15,-0.442640064,52.60583733
01/09/2021 22:50,-1.568858878,54.90994706
03/09/2021 23:58,-0.73412028,54.04607025
01/09/2021 22:14,-3.196663983,59.1391883
03/09/2021 14:28,-3.396138782,55.72952299
02/09/2021 20:10,1.471944312,52.55381251
03/09/2021 02:06,-2.101404201,55.69767361
02/09/2021 19:33,0.741115797,52.86554423
01/09/2021 06:35,-0.135299961,51.94888671
02/09/2021 07:36,0.72650946,51.69458706
02/09/2021 18:02,-1.585124532,51.96945018
02/09/2021 19:06,-0.581502526,51.1172678
01/09/2021 04:05,-1.974970858,54.99177109
03/09/2021 22:57,-6.993232316,55.11205981
03/09/2021 05:26,-1.432195741,54.50773805
03/09/2021 04:30,-2.914279807,57.35795833
02/09/2021 02:09,-4.719668447,57.03594877
03/09/2021 02:22,-2.53375878,52.17254424
03/09/2021 13:00,-2.286154548,57.01275969
01/09/2021 21:10,-2.874323541,52.08373682
02/09/2021 20:49,-4.297698826,50.43069477
03/09/2021 09:00,-2.93691485,56.36476755
01/09/2021 23:31,0.903898168,51.10258971
02/09/2021 14:35,-1.721493642,54.47483623
03/09/2021 17:25,-3.544629079,56.1284262
03/09/2021 09:40,-1.862840475,54.5358119
01/09/2021 11:43,-0.638732176,53.16668836
03/09/2021 15:28,0.481980051,51.21667695
03/09/2021 08:29,-5.164483913,57.49877449
02/09/2021 17:44,-4.49773266,55.46725133
01/09/2021 00:21,-5.383972376,57.40120121
01/09/2021 14:39,-0.407241782,52.28925225
01/09/2021 22:36,-5.810367789,57.14160015
03/09/2021 09:10,-2.704739567,51.12250043
01/09/2021 18:45,-1.624972701,52.48780359
01/09/2021 10:14,-4.117258322,58.37414923
03/09/2021 13:23,-0.878198382,52.90097623
01/09/2021 06:43,-2.455073822,54.79179864
01/09/2021 20:46,0.572608371,51.17263148
01/09/2021 14:35,-2.572090262,52.77045132
01/09/2021 07:00,-2.489856563,52.47974348
01/09/2021 04:28,-3.801896857,56.88574337
02/09/2021 11:29,-1.663137724,54.6460275
03/09/2021 06:05,1.353429314,51.13373047
02/09/2021 17:42,-2.418184077,55.36452219
03/09/2021 11:26,-2.394574946,53.64501345
03/09/2021 23:25,-1.334284761,53.21795636
03/09/2021 16:53,-6.072922112,56.33487704
01/09/2021 05:38,-2.028217917,54.55682378
02/09/2021 23:07,-4.613515607,56.79020494
02/09/2021 16:01,-2.106910656,53.1000218
01/09/2021 21:42,-4.381549966,52.1309356
02/09/2021 01:43,-4.75218406,55.71410097
03/09/2021 18:48,-4.84944907,55.05189616
02/09/2021 08:25,-3.383519923,50.94530751
02/09/2021 11:17,-2.542316012,59.25576702
01/09/2021 23:38,-4.742499371,56.09951146
01/09/2021 12:12,-3.997055399,52.44730126
03/09/2021 16:53,-4.588045186,50.36978359
02/09/2021 08:08,-2.441441209,55.02316055
03/09/2021 01:28,-3.076369568,55.00088063
03/09/2021 05:46,-4.655794019,56.7760809
03/09/2021 02:09,-2.718108953,56.6455457
03/09/2021 21:03,-6.059151481,57.4325118
03/09/2021 14:13,-3.590284673,51.61195041
02/09/2021 23:02,-3.28140821,55.2097979
03/09/2021 22:39,-0.365128524,51.43194418
02/09/2021 18:28,-2.984015352,53.10766708
03/09/2021 10:16,1.393000534,52.06861068
03/09/2021 23:05,-0.423706017,52.33805253
01/09/2021 23:34,-7.476372601,54.8348595
01/09/2021 01:30,-1.25038213,54.07068389
03/09/2021 06:35,-4.075269444,50.38831185
02/09/2021 23:26,-5.934610807,56.04847731
01/09/2021 22:12,-4.093121712,50.85770193
03/09/2021 18:44,-4.750169477,56.86701316
02/09/2021 20:23,-0.05741133,53.02984233
02/09/2021 20:26,-4.835139003,58.55516004
02/09/2021 18:08,-3.032456892,59.15569658
03/09/2021 17:21,-4.75719095,56.56993272
02/09/2021 12:44,-3.005417669,51.551886
01/09/2021 12:56,0.375854903,52.52769711
03/09/2021 13:57,-4.04968086,51.15893898
01/09/2021 16:39,-0.021441688,52.95652972
03/09/2021 16:17,-2.30200423,57.68372162
03/09/2021 06:07,-2.211493529,54.6662349
03/09/2021 04:13,-1.312764047,50.65123296
02/09/2021 09:58,-4.038456739,51.19949488
01/09/2021 04:23,-3.698174659,50.83291682
02/09/2021 10:37,-3.047692532,52.02276601
01/09/2021 14:09,-5.76354351,57.54058894
02/09/2021 22:06,-2.74870105,55.87407656
01/09/2021 19:44,-4.618276252,56.02030754
01/09/2021 13:35,-2.512912331,57.17113057
02/09/2021 16:30,-3.692319439,58.18209288
01/09/2021 03:23,-3.05606679,57.08519377
02/09/2021 20:42,-1.180255262,60.4015377
03/09/2021 05:53,-3.585513207,52.76888237
03/09/2021 04:29,-1.892975279,53.68072329
02/09/2021 10:32,-4.783637582,57.72088188
03/09/2021 12:50,-3.355656055,50.66301299
02/09/2021 21:49,-4.214966343,58.03453661
02/09/2021 16:52,-1.919717296,51.8478151
01/09/2021 10:32,-7.125265361,57.64406568
02/09/2021 09:47,-2.424441077,50.86218135
01/09/2021 12:13,-4.34844596,54.89583039
01/09/2021 11:21,-6.526350786,54.08337537
02/09/2021 15:05,-2.018112554,52.79038403
